17:48:45,-18:50:21.85637019
16:49:41.25,-41:48:37.1336248
16:55:18.75,-41:48:37.1336248
17:23:26.25,-41:48:37.1336248
17:29:03.75,-19:28:16.39428417
17:34:41.25,-41:48:37.1336248
17:29:03.75,-41:48:37.1336248
17:40:18.75,-19:28:16.39428417
17:51:33.75,-19:28:16.39428417
17:45:56.25,-19:28:16.39428417
18:02:48.75,-19:28:16.39428417
17:57:11.25,-19:28:16.39428417
17:34:41.25,-19:28:16.39428417
18:19:41.25,-19:28:16.39428417
18:25:18.75,-19:28:16.39428417
18:30:56.25,-19:28:16.39428417
18:36:33.75,-19:28:16.39428417
18:42:11.25,-19:28:16.39428417
18:47:48.75,+00:00:00
18:53:26.25,+00:00:00
18:59:03.75,-19:28:16.39428417
19:04:41.25,+19:28:16.39428417
18:59:03.75,+00:00:00
19:15:56.25,-19:28:16.39428417
19:21:33.75,+19:28:16.39428417
19:27:11.25,+19:28:16.39428417
19:32:48.75,+19:28:16.39428417
19:49:41.25,+41:48:37.1336248
19:55:18.75,+41:48:37.1336248
20:12:11.25,+19:28:16.39428417
20:23:26.25,+19:28:16.39428417
20:34:41.25,+19:28:16.39428417
06:22:30,+18:50:21.85637019
06:28:07.5,+18:50:21.85637019
18:42:11.25,-07:10:50.72081325
18:47:48.75,-07:10:50.72081325
07:07:30,-00:35:48.63058983
13:04:17.14285714,-58:55:11.19127009
07:30:00,-20:06:19.8352365
07:35:37.5,-20:06:19.8352365
18:53:26.25,-07:10:50.72081325
13:12:51.42857143,-58:55:11.19127009
15:40:00,-42:36:35.3051195
15:45:42.85714286,-42:36:35.3051195
17:37:30,-41:00:52.19879663
17:43:07.5,-41:00:52.19879663
16:54:17.14285714,-42:36:35.3051195
17:17:08.57142857,-42:36:35.3051195
17:22:51.42857143,-42:36:35.3051195
17:34:17.14285714,-42:36:35.3051195
17:40:00,-42:36:35.3051195
17:31:52.5,-20:06:19.8352365
17:37:30,-20:06:19.8352365
17:43:07.5,-20:06:19.8352365
17:48:45,-20:06:19.8352365
17:54:22.5,-20:06:19.8352365
18:00:00,-20:06:19.8352365
18:11:15,-20:06:19.8352365
18:16:52.5,-20:06:19.8352365
18:22:30,-20:06:19.8352365
18:28:07.5,-20:06:19.8352365
18:33:45,-20:06:19.8352365
18:39:22.5,-20:06:19.8352365
18:50:37.5,-00:35:48.63058983
18:56:15,-00:35:48.63058983
19:01:52.5,+18:50:21.85637019
19:07:30,+18:50:21.85637019
19:13:07.5,-20:06:19.8352365
19:18:45,-20:06:19.8352365
19:24:22.5,+18:50:21.85637019
19:30:00,+18:50:21.85637019
20:09:22.5,+18:50:21.85637019
20:15:00,+18:50:21.85637019
20:20:37.5,+18:50:21.85637019
20:26:15,+18:50:21.85637019
20:31:52.5,+41:00:52.19879663
20:37:30,+41:00:52.19879663
20:31:52.5,+18:50:21.85637019
20:37:30,+18:50:21.85637019
17:17:48.75,-27:16:46.60584952
18:25:18.75,-27:16:46.60584952
18:30:56.25,-27:16:46.60584952
06:25:18.75,+18:12:35.84471142
06:53:26.25,-01:11:37.49437371
07:04:41.25,-01:11:37.49437371
07:10:18.75,-01:11:37.49437371
07:32:48.75,-20:44:32.56783615
18:00:00,-15:05:41.23355836
18:33:45,-27:57:11.47278017
15:37:44.51612903,-43:24:24.69054937
15:43:32.90322581,-43:24:24.69054937
17:04:50.32258065,-43:24:24.69054937
17:16:27.09677419,-43:24:24.69054937
17:22:15.48387097,-43:24:24.69054937
17:28:03.87096774,-43:24:24.69054937
17:33:52.25806452,-43:24:24.69054937
17:23:26.25,-20:44:32.56783615
17:29:03.75,-20:44:32.56783615
17:34:41.25,-20:44:32.56783615
17:40:18.75,-20:44:32.56783615
17:45:56.25,-20:44:32.56783615
17:51:33.75,-20:44:32.56783615
17:57:11.25,-20:44:32.56783615
18:02:48.75,-20:44:32.56783615
18:08:26.25,-20:44:32.56783615
18:14:03.75,-20:44:32.56783615
18:19:41.25,-20:44:32.56783615
18:25:18.75,-20:44:32.56783615
18:30:56.25,-20:44:32.56783615
18:36:33.75,-20:44:32.56783615
18:42:11.25,-20:44:32.56783615
18:47:48.75,-01:11:37.49437371
18:53:26.25,-01:11:37.49437371
19:04:41.25,+18:12:35.84471142
19:10:18.75,+18:12:35.84471142
19:15:56.25,-20:44:32.56783615
19:27:11.25,+18:12:35.84471142
20:23:26.25,+18:12:35.84471142
20:29:03.75,+40:13:41.46502102
20:34:41.25,+40:13:41.46502102
20:34:41.25,+18:12:35.84471142
04:52:30,+39:27:03.22095293
04:58:07.5,+39:27:03.22095293
06:50:37.5,-01:47:26.82477358
06:56:15,-01:47:26.82477358
07:01:52.5,-01:47:26.82477358
08:36:23.60655738,-44:12:05.50746378
08:48:11.80327869,-44:12:05.50746378
08:42:17.70491803,-44:12:05.50746378
08:54:05.90163934,-44:12:05.50746378
07:46:52.5,-21:22:54.99328742
15:17:42.29508197,-44:12:05.50746378
15:35:24.59016393,-44:12:05.50746378
15:41:18.68852459,-44:12:05.50746378
16:10:49.18032787,-44:12:05.50746378
16:28:31.47540984,-44:12:05.50746378
16:34:25.57377049,-44:12:05.50746378
16:40:19.67213115,-44:12:05.50746378
16:58:01.96721311,-44:12:05.50746378
17:03:56.06557377,-44:12:05.50746378
17:09:50.16393443,-44:12:05.50746378
17:15:44.26229508,-44:12:05.50746378
17:21:38.36065574,-44:12:05.50746378
17:27:32.45901639,-44:12:05.50746378
18:08:51.14754098,-44:12:05.50746378
17:20:37.5,-21:22:54.99328742
17:26:15,-21:22:54.99328742
17:31:52.5,-21:22:54.99328742
17:37:30,-21:22:54.99328742
17:43:07.5,-21:22:54.99328742
17:48:45,-21:22:54.99328742
17:54:22.5,-21:22:54.99328742
18:00:00,-21:22:54.99328742
18:05:37.5,-21:22:54.99328742
18:11:15,-21:22:54.99328742
18:16:52.5,-21:22:54.99328742
18:22:30,-21:22:54.99328742
18:28:07.5,-21:22:54.99328742
18:33:45,-21:22:54.99328742
18:39:22.5,-21:22:54.99328742
18:45:00,+17:34:57.99363033
18:50:37.5,-01:47:26.82477358
18:56:15,-01:47:26.82477358
18:50:37.5,+17:34:57.99363033
19:07:30,-01:47:26.82477358
01:00:00,+74:36:12.36987459
01:17:08.57142857,+74:36:12.36987459
20:20:37.5,+39:27:03.22095293
20:26:15,+39:27:03.22095293
00:57:16.36363636,+73:51:55.78591895
01:13:38.18181818,+73:51:55.78591895
04:55:18.75,+38:40:55.87483256
08:39:00,-44:59:37.96854165
08:45:00,-44:59:37.96854165
08:51:00,-44:59:37.96854165
06:25:18.75,-02:23:16.85566777
06:53:26.25,-02:23:16.85566777
06:59:03.75,-02:23:16.85566777
07:04:41.25,-02:23:16.85566777
07:44:03.75,-22:01:27.52621335
07:49:41.25,-22:01:27.52621335
08:45:56.25,-22:01:27.52621335
18:22:30,-11:24:54.56787383
14:21:00,-44:59:37.96854165
14:27:00,-44:59:37.96854165
01:10:26.08695652,+73:07:36.77489221
15:15:00,-44:59:37.96854165
15:21:00,-44:59:37.96854165
15:33:00,-44:59:37.96854165
15:39:00,-44:59:37.96854165
16:09:00,-44:59:37.96854165
16:15:00,-44:59:37.96854165
16:21:00,-44:59:37.96854165
16:27:00,-44:59:37.96854165
16:33:00,-44:59:37.96854165
16:39:00,-44:59:37.96854165
16:45:00,-44:59:37.96854165
17:03:00,-44:59:37.96854165
17:09:00,-44:59:37.96854165
18:03:00,-44:59:37.96854165
18:09:00,-44:59:37.96854165
17:23:26.25,-22:01:27.52621335
17:29:03.75,-22:01:27.52621335
17:34:41.25,-22:01:27.52621335
17:40:18.75,-22:01:27.52621335
17:45:56.25,-22:01:27.52621335
17:51:33.75,-22:01:27.52621335
17:57:11.25,-22:01:27.52621335
18:02:48.75,-22:01:27.52621335
18:08:26.25,-22:01:27.52621335
18:14:03.75,-22:01:27.52621335
18:19:41.25,-22:01:27.52621335
18:25:18.75,-22:01:27.52621335
18:30:56.25,-22:01:27.52621335
18:36:33.75,-22:01:27.52621335
18:47:48.75,+16:57:27.94788001
18:59:03.75,-02:23:16.85566777
19:04:41.25,-02:23:16.85566777
19:10:18.75,-02:23:16.85566777
19:44:03.75,+38:40:55.87483256
20:17:48.75,+38:40:55.87483256
20:23:26.25,+38:40:55.87483256
20:29:03.75,+38:40:55.87483256
20:40:18.75,+38:40:55.87483256
20:45:56.25,+38:40:55.87483256
20:40:18.75,-02:23:16.85566777
20:45:56.25,-02:23:16.85566777
08:11:11.18644068,-45:47:02.28178239
08:17:17.28813559,-45:47:02.28178239
08:35:35.59322034,-45:47:02.28178239
08:47:47.79661017,-45:47:02.28178239
08:53:53.89830508,-45:47:02.28178239
06:28:07.5,-02:59:07.82162069
11:38:38.6440678,-45:47:02.28178239
07:01:52.5,-02:59:07.82162069
07:46:52.5,-22:40:10.5955383
08:48:45,-22:40:10.5955383
14:23:23.38983051,-45:47:02.28178239
14:29:29.49152542,-45:47:02.28178239
18:22:30,-32:05:23.82452261
15:36:36.61016949,-45:47:02.28178239
16:13:13.22033898,-45:47:02.28178239
16:25:25.42372881,-45:47:02.28178239
16:31:31.52542373,-45:47:02.28178239
16:37:37.62711864,-45:47:02.28178239
16:43:43.72881356,-45:47:02.28178239
16:49:49.83050847,-45:47:02.28178239
17:02:02.03389831,-45:47:02.28178239
17:08:08.13559322,-45:47:02.28178239
17:44:44.74576271,-45:47:02.28178239
17:50:50.84745763,-45:47:02.28178239
18:09:09.15254237,-45:47:02.28178239
17:20:37.5,-22:40:10.5955383
17:26:15,-22:40:10.5955383
17:31:52.5,-22:40:10.5955383
17:37:30,-22:40:10.5955383
17:43:07.5,-22:40:10.5955383
17:48:45,-22:40:10.5955383
17:54:22.5,-22:40:10.5955383
18:00:00,-22:40:10.5955383
18:05:37.5,-22:40:10.5955383
18:11:15,-22:40:10.5955383
18:16:52.5,-22:40:10.5955383
18:22:30,-22:40:10.5955383
18:28:07.5,-22:40:10.5955383
18:33:45,-22:40:10.5955383
18:50:37.5,-02:59:07.82162069
19:01:52.5,-02:59:07.82162069
19:07:30,-02:59:07.82162069
19:41:15,+37:55:17.94282345
19:46:52.5,+37:55:17.94282345
20:20:37.5,+37:55:17.94282345
20:26:15,+37:55:17.94282345
20:43:07.5,+37:55:17.94282345
20:48:45,+37:55:17.94282345
20:43:07.5,-02:59:07.82162069
08:13:26.89655172,-46:34:18.65068842
08:19:39.31034483,-46:34:18.65068842
08:32:04.13793103,-46:34:18.65068842
08:38:16.55172414,-46:34:18.65068842
08:44:28.96551724,-46:34:18.65068842
08:50:41.37931034,-46:34:18.65068842
08:56:53.79310345,-46:34:18.65068842
04:15:56.25,+15:42:49.89977283
11:38:16.55172414,-46:34:18.65068842
11:44:28.96551724,-46:34:18.65068842
06:14:03.75,+37:10:08.0387616
06:25:18.75,-03:34:59.9581145
06:53:26.25,-23:19:04.6454352
07:27:11.25,-23:19:04.6454352
07:44:03.75,-23:19:04.6454352
18:45:00,-07:46:57.77178741
18:50:37.5,-07:46:57.77178741
08:45:56.25,-23:19:04.6454352
16:23:47.5862069,-46:34:18.65068842
16:30:00,-46:34:18.65068842
16:36:12.4137931,-46:34:18.65068842
16:42:24.82758621,-46:34:18.65068842
16:48:37.24137931,-46:34:18.65068842
17:07:14.48275862,-46:34:18.65068842
17:44:28.96551724,-46:34:18.65068842
17:50:41.37931034,-46:34:18.65068842
06:50:37.5,-23:58:10.13634393
06:56:15,-23:58:10.13634393
16:44:03.75,-23:19:04.6454352
17:17:48.75,-23:19:04.6454352
17:23:26.25,-23:19:04.6454352
17:29:03.75,-23:19:04.6454352
17:34:41.25,-23:19:04.6454352
17:40:18.75,-23:19:04.6454352
17:45:56.25,-23:19:04.6454352
17:51:33.75,-23:19:04.6454352
17:57:11.25,-23:19:04.6454352
18:02:48.75,-23:19:04.6454352
18:08:26.25,-23:19:04.6454352
18:14:03.75,-23:19:04.6454352
18:19:41.25,-23:19:04.6454352
18:25:18.75,-23:19:04.6454352
18:30:56.25,-23:19:04.6454352
18:36:33.75,-23:19:04.6454352
18:36:33.75,-03:34:59.9581145
18:47:48.75,-03:34:59.9581145
19:04:41.25,-03:34:59.9581145
19:10:18.75,+15:42:49.89977283
20:12:11.25,+37:10:08.0387616
20:17:48.75,+37:10:08.0387616
20:23:26.25,+37:10:08.0387616
20:40:18.75,-03:34:59.9581145
20:45:56.25,-03:34:59.9581145
21:59:03.75,+37:10:08.0387616
22:04:41.25,+37:10:08.0387616
08:15:47.36842105,-47:21:27.27443952
08:22:06.31578947,-47:21:27.27443952
08:41:03.15789474,-47:21:27.27443952
08:47:22.10526316,-47:21:27.27443952
08:53:41.05263158,-47:21:27.27443952
11:37:53.68421053,-47:21:27.27443952
11:44:12.63157895,-47:21:27.27443952
04:13:07.5,+15:05:41.23355836
04:18:45,+15:05:41.23355836
06:11:15,+36:25:24.86511239
06:16:52.5,+36:25:24.86511239
18:28:07.5,-27:57:11.47278017
06:28:07.5,-04:10:53.5017832
16:34:44.21052632,-47:21:27.27443952
16:41:03.15789474,-47:21:27.27443952
16:47:22.10526316,-47:21:27.27443952
00:06:00,+67:56:05.74313637
17:00:00,-47:21:27.27443952
17:06:18.94736842,-47:21:27.27443952
07:24:22.5,-23:58:10.13634393
07:30:00,-23:58:10.13634393
01:06:00,+67:56:05.74313637
17:31:34.73684211,-47:21:27.27443952
07:46:52.5,-23:58:10.13634393
08:03:45,-23:58:10.13634393
17:57:11.25,-15:42:49.89977283
16:41:15,-23:58:10.13634393
16:58:07.5,-23:58:10.13634393
17:20:37.5,-23:58:10.13634393
17:26:15,-23:58:10.13634393
17:31:52.5,-23:58:10.13634393
17:37:30,-23:58:10.13634393
17:43:07.5,-23:58:10.13634393
17:48:45,-23:58:10.13634393
17:54:22.5,-23:58:10.13634393
18:00:00,-23:58:10.13634393
18:05:37.5,-23:58:10.13634393
18:11:15,-23:58:10.13634393
18:16:52.5,-23:58:10.13634393
00:05:48.38709677,+67:11:22.9978675
18:28:07.5,-23:58:10.13634393
18:33:45,-23:58:10.13634393
18:39:22.5,-04:10:53.5017832
18:22:30,-23:58:10.13634393
01:03:52.25806452,+67:11:22.9978675
01:15:29.03225806,+67:11:22.9978675
18:50:37.5,-04:10:53.5017832
19:07:30,+15:05:41.23355836
19:13:07.5,+15:05:41.23355836
18:45:00,-04:10:53.5017832
18:39:22.5,-23:58:10.13634393
02:48:23.22580645,+67:11:22.9978675
03:00:00,+67:11:22.9978675
19:46:52.5,+36:25:24.86511239
19:52:30,+36:25:24.86511239
19:46:52.5,+15:05:41.23355836
20:15:00,+36:25:24.86511239
20:20:37.5,+36:25:24.86511239
08:11:47.14285714,-48:08:28.3480597
08:18:12.85714286,-48:08:28.3480597
08:37:30,-48:08:28.3480597
08:43:55.71428571,-48:08:28.3480597
08:50:21.42857143,-48:08:28.3480597
08:56:47.14285714,-48:08:28.3480597
22:01:52.5,+36:25:24.86511239
04:15:20.93023256,+58:09:37.32679562
04:23:43.25581395,+58:09:37.32679562
16:39:38.57142857,-48:08:28.3480597
16:46:04.28571429,-48:08:28.3480597
16:52:30,-48:08:28.3480597
16:58:55.71428571,-48:08:28.3480597
17:05:21.42857143,-48:08:28.3480597
04:15:56.25,+14:28:39.04386935
17:31:04.28571429,-48:08:28.3480597
17:37:30,-48:08:28.3480597
06:08:26.25,+35:41:07.20496555
06:14:03.75,+35:41:07.20496555
00:28:07.5,+66:26:36.72848724
00:39:22.5,+66:26:36.72848724
01:13:07.5,+66:26:36.72848724
06:53:26.25,-24:37:27.54606779
02:31:52.5,+66:26:36.72848724
07:27:11.25,-24:37:27.54606779
02:54:22.5,+66:26:36.72848724
03:05:37.5,+66:26:36.72848724
07:49:41.25,-24:37:27.54606779
07:55:18.75,-24:37:27.54606779
08:00:56.25,-24:37:27.54606779
08:06:33.75,-24:37:27.54606779
08:12:11.25,-24:37:27.54606779
18:08:26.25,-37:10:08.0387616
16:55:18.75,-24:37:27.54606779
17:00:56.25,-24:37:27.54606779
17:17:48.75,-24:37:27.54606779
17:23:26.25,-24:37:27.54606779
17:29:03.75,-24:37:27.54606779
17:34:41.25,-24:37:27.54606779
17:40:18.75,-24:37:27.54606779
17:45:56.25,-24:37:27.54606779
17:51:33.75,-24:37:27.54606779
08:40:21.81818182,-48:55:22.06257689
08:46:54.54545455,-48:55:22.06257689
18:02:48.75,-24:37:27.54606779
18:08:26.25,-24:37:27.54606779
18:14:03.75,-24:37:27.54606779
08:53:27.27272727,-48:55:22.06257689
18:30:56.25,-24:37:27.54606779
18:36:33.75,-04:46:48.69064992
18:42:11.25,-04:46:48.69064992
18:47:48.75,-04:46:48.69064992
18:19:41.25,-04:46:48.69064992
09:45:49.09090909,-48:55:22.06257689
09:52:21.81818182,-48:55:22.06257689
19:10:18.75,+14:28:39.04386935
02:27:16.36363636,+65:41:46.80670768
02:38:10.90909091,+65:41:46.80670768
19:21:33.75,+14:28:39.04386935
19:27:11.25,+14:28:39.04386935
19:38:26.25,+14:28:39.04386935
19:44:03.75,+35:41:07.20496555
19:49:41.25,+35:41:07.20496555
19:44:03.75,+14:28:39.04386935
19:49:41.25,+14:28:39.04386935
18:14:03.75,-18:12:35.84471142
20:12:11.25,+35:41:07.20496555
20:17:48.75,+35:41:07.20496555
20:23:26.25,+35:41:07.20496555
15:52:21.81818182,-48:55:22.06257689
15:58:54.54545455,-48:55:22.06257689
16:38:10.90909091,-48:55:22.06257689
16:44:43.63636364,-48:55:22.06257689
16:51:16.36363636,-48:55:22.06257689
16:57:49.09090909,-48:55:22.06257689
17:30:32.72727273,-48:55:22.06257689
17:37:05.45454545,-48:55:22.06257689
17:43:38.18181818,-48:55:22.06257689
06:11:15,+34:57:13.91492588
23:43:38.18181818,+65:41:46.80670768
00:15:52.94117647,+64:56:53.10274382
00:26:28.23529412,+64:56:53.10274382
00:37:03.52941176,+64:56:53.10274382
07:01:52.5,+13:51:43.01881938
07:52:30,-25:16:57.37095592
08:03:45,-25:16:57.37095592
08:09:22.5,-25:16:57.37095592
08:15:00,-25:16:57.37095592
09:43:20,-49:42:08.60517587
09:50:00,-49:42:08.60517587
10:10:00,-49:42:08.60517587
16:58:07.5,-25:16:57.37095592
17:15:00,-25:16:57.37095592
17:20:37.5,-25:16:57.37095592
17:26:15,-25:16:57.37095592
17:31:52.5,-25:16:57.37095592
17:37:30,-25:16:57.37095592
17:43:07.5,-25:16:57.37095592
17:48:45,-25:16:57.37095592
17:54:22.5,-25:16:57.37095592
18:00:00,-25:16:57.37095592
18:05:37.5,-25:16:57.37095592
18:11:15,-25:16:57.37095592
18:16:52.5,-05:22:45.764368
18:22:30,-05:22:45.764368
18:16:52.5,-25:16:57.37095592
18:22:30,-25:16:57.37095592
18:39:22.5,-05:22:45.764368
18:45:00,-05:22:45.764368
18:45:00,-25:16:57.37095592
18:56:15,-05:22:45.764368
19:01:52.5,+13:51:43.01881938
18:50:37.5,-05:22:45.764368
00:15:25.71428571,+64:11:55.48524912
00:25:42.85714286,+64:11:55.48524912
00:36:00,+64:11:55.48524912
00:46:17.14285714,+64:11:55.48524912
23:44:07.05882353,+64:56:53.10274382
19:41:15,+34:57:13.91492588
19:46:52.5,+34:57:13.91492588
19:52:30,+34:57:13.91492588
19:46:52.5,+13:51:43.01881938
19:24:22.5,+13:51:43.01881938
20:09:22.5,+34:57:13.91492588
20:15:00,+34:57:13.91492588
20:20:37.5,+34:57:13.91492588
15:50:00,-49:42:08.60517587
15:56:40,-49:42:08.60517587
16:16:40,-49:42:08.60517587
16:23:20,-49:42:08.60517587
16:36:40,-49:42:08.60517587
16:43:20,-49:42:08.60517587
17:36:40,-49:42:08.60517587
17:43:20,-49:42:08.60517587
17:50:00,-49:42:08.60517587
23:43:07.5,+66:26:36.72848724
00:27:16.36363636,+65:41:46.80670768
00:38:10.90909091,+65:41:46.80670768
17:06:33.75,-32:47:49.80586497
17:17:48.75,-32:47:49.80586497
06:08:26.25,+34:13:43.91878013
06:14:03.75,+34:13:43.91878013
07:04:41.25,+13:14:52.85366044
07:10:18.75,-25:56:40.12718053
07:15:56.25,-25:56:40.12718053
07:49:41.25,-25:56:40.12718053
08:06:33.75,-25:56:40.12718053
08:12:11.25,-25:56:40.12718053
00:45:00,+63:26:53.82124908
01:55:00,+63:26:53.82124908
09:20:22.64150943,-50:28:48.15934479
10:07:55.47169811,-50:28:48.15934479
10:14:43.01886792,-50:28:48.15934479
15:54:20.37735849,-50:28:48.15934479
16:01:07.9245283,-50:28:48.15934479
16:14:43.01886792,-50:28:48.15934479
16:21:30.56603774,-50:28:48.15934479
16:28:18.11320755,-50:28:48.15934479
16:35:05.66037736,-50:28:48.15934479
17:12:11.25,-25:56:40.12718053
16:48:40.75471698,-50:28:48.15934479
17:17:48.75,-25:56:40.12718053
16:41:53.20754717,-50:28:48.15934479
17:23:26.25,-25:56:40.12718053
17:40:18.75,-25:56:40.12718053
17:29:03.75,-25:56:40.12718053
17:34:41.25,-25:56:40.12718053
17:45:56.25,-25:56:40.12718053
17:43:01.13207547,-50:28:48.15934479
18:02:48.75,-25:56:40.12718053
18:08:26.25,-25:56:40.12718053
18:19:41.25,-05:58:44.96446668
18:14:03.75,-25:56:40.12718053
18:19:41.25,-25:56:40.12718053
18:36:33.75,-05:58:44.96446668
18:42:11.25,-05:58:44.96446668
18:42:11.25,-25:56:40.12718053
18:53:26.25,-05:58:44.96446668
18:59:03.75,+13:14:52.85366044
19:04:41.25,+13:14:52.85366044
18:59:03.75,-05:58:44.96446668
19:15:56.25,+13:14:52.85366044
18:47:48.75,-25:56:40.12718053
18:47:48.75,-05:58:44.96446668
19:10:18.75,+13:14:52.85366044
19:04:41.25,-05:58:44.96446668
19:38:26.25,+34:13:43.91878013
19:49:41.25,+34:13:43.91878013
19:55:18.75,+34:13:43.91878013
19:44:03.75,+34:13:43.91878013
19:38:26.25,+13:14:52.85366044
20:12:11.25,+34:13:43.91878013
19:44:03.75,+13:14:52.85366044
21:02:48.75,+34:13:43.91878013
23:15:00,+63:26:53.82124908
23:25:00,+63:26:53.82124908
01:03:14.59459459,+62:41:47.97607299
01:51:53.51351351,+62:41:47.97607299
02:01:37.2972973,+62:41:47.97607299
16:04:36.92307692,-61:11:23.19460338
08:15:00,-51:15:20.9050157
08:21:55.38461538,-51:15:20.9050157
06:16:52.5,+12:38:08.25033488
09:17:18.46153846,-51:15:20.9050157
09:24:13.84615385,-51:15:20.9050157
07:01:52.5,+12:38:08.25033488
07:13:07.5,-26:36:36.35211864
07:41:15,-06:34:46.53460192
07:46:52.5,-06:34:46.53460192
07:46:52.5,-26:36:36.35211864
07:52:30,-26:36:36.35211864
23:16:12.97297297,+62:41:47.97607299
23:25:56.75675676,+62:41:47.97607299
01:01:34.73684211,+61:56:37.81328336
01:11:03.15789474,+61:56:37.81328336
16:12:41.53846154,-51:15:20.9050157
01:20:31.57894737,+61:56:37.81328336
16:26:32.30769231,-51:15:20.9050157
16:33:27.69230769,-51:15:20.9050157
16:40:23.07692308,-51:15:20.9050157
16:47:18.46153846,-51:15:20.9050157
16:54:13.84615385,-51:15:20.9050157
01:58:25.26315789,+61:56:37.81328336
01:30:00,+61:56:37.81328336
17:28:50.76923077,-51:15:20.9050157
17:35:46.15384615,-51:15:20.9050157
17:42:41.53846154,-51:15:20.9050157
17:49:36.92307692,-51:15:20.9050157
17:09:22.5,-26:36:36.35211864
17:15:00,-26:36:36.35211864
17:20:37.5,-26:36:36.35211864
17:26:15,-26:36:36.35211864
17:31:52.5,-26:36:36.35211864
17:37:30,-26:36:36.35211864
17:43:07.5,-26:36:36.35211864
17:48:45,-26:36:36.35211864
17:54:22.5,-26:36:36.35211864
18:00:00,-26:36:36.35211864
18:05:37.5,-26:36:36.35211864
18:11:15,-26:36:36.35211864
18:16:52.5,-06:34:46.53460192
18:16:52.5,-26:36:36.35211864
18:28:07.5,-26:36:36.35211864
18:22:30,-26:36:36.35211864
18:39:22.5,-06:34:46.53460192
18:45:00,-26:36:36.35211864
18:45:00,-06:34:46.53460192
18:56:15,+33:30:36.20183851
19:01:52.5,+33:30:36.20183851
19:01:52.5,+12:38:08.25033488
18:56:15,-06:34:46.53460192
19:18:45,+12:38:08.25033488
19:07:30,+12:38:08.25033488
19:13:07.5,+12:38:08.25033488
19:13:07.5,-06:34:46.53460192
19:18:45,-06:34:46.53460192
19:01:52.5,-06:34:46.53460192
19:52:30,+33:30:36.20183851
19:58:07.5,+33:30:36.20183851
19:41:15,+33:30:36.20183851
20:20:37.5,+33:30:36.20183851
20:31:52.5,+33:30:36.20183851
21:00:00,+33:30:36.20183851
21:05:37.5,+33:30:36.20183851
17:06:33.75,-28:37:51.56341293
17:12:11.25,-28:37:51.56341293
08:17:38.82352941,-52:01:47.01869927
08:24:42.35294118,-52:01:47.01869927
23:26:50.52631579,+61:56:37.81328336
01:09:13.84615385,+61:11:23.19460338
01:18:27.69230769,+61:11:23.19460338
01:27:41.53846154,+61:11:23.19460338
02:04:36.92307692,+61:11:23.19460338
02:23:04.61538462,+61:11:23.19460338
02:32:18.46153846,+61:11:23.19460338
03:18:27.69230769,+61:11:23.19460338
03:27:41.53846154,+61:11:23.19460338
06:19:41.25,+12:01:28.91705004
15:00:00,-52:01:47.01869927
18:25:18.75,-28:37:51.56341293
07:10:18.75,-07:10:50.72081325
07:10:18.75,-27:16:46.60584952
16:03:31.76470588,-52:01:47.01869927
07:44:03.75,-07:10:50.72081325
07:49:41.25,-27:16:46.60584952
16:31:45.88235294,-52:01:47.01869927
16:38:49.41176471,-52:01:47.01869927
16:24:42.35294118,-52:01:47.01869927
16:17:38.82352941,-52:01:47.01869927
17:28:14.11764706,-52:01:47.01869927
17:35:17.64705882,-52:01:47.01869927
17:42:21.17647059,-52:01:47.01869927
17:49:24.70588235,-52:01:47.01869927
22:50:46.15384615,+61:11:23.19460338
23:00:00,+61:11:23.19460338
19:13:07.5,+26:36:36.35211864
18:22:30,-16:20:05.36201047
19:18:45,+26:36:36.35211864
19:24:22.5,+26:36:36.35211864
17:12:11.25,-27:16:46.60584952
01:16:30,+60:26:03.97984183
17:23:26.25,-27:16:46.60584952
17:29:03.75,-27:16:46.60584952
17:34:41.25,-27:16:46.60584952
17:40:18.75,-27:16:46.60584952
02:01:30,+60:26:03.97984183
17:51:33.75,-27:16:46.60584952
02:10:30,+60:26:03.97984183
17:45:56.25,-27:16:46.60584952
18:08:26.25,-27:16:46.60584952
18:14:03.75,-27:16:46.60584952
18:19:41.25,-27:16:46.60584952
18:14:03.75,-07:10:50.72081325
18:19:41.25,-07:10:50.72081325
18:36:33.75,-07:10:50.72081325
17:57:11.25,-27:16:46.60584952
18:02:48.75,-27:16:46.60584952
02:55:30,+60:26:03.97984183
18:59:03.75,+32:47:49.80586497
03:04:30,+60:26:03.97984183
03:22:30,+60:26:03.97984183
19:15:56.25,+12:01:28.91705004
19:10:18.75,+12:01:28.91705004
19:15:56.25,-07:10:50.72081325
19:32:48.75,+32:47:49.80586497
19:38:26.25,+32:47:49.80586497
19:44:03.75,+32:47:49.80586497
19:04:41.25,-07:10:50.72081325
19:21:33.75,+12:01:28.91705004
20:00:56.25,+32:47:49.80586497
20:17:48.75,+32:47:49.80586497
20:23:26.25,+32:47:49.80586497
20:29:03.75,+32:47:49.80586497
20:34:41.25,+32:47:49.80586497
21:02:48.75,+32:47:49.80586497
09:25:12,-52:48:06.67361423
09:32:24,-52:48:06.67361423
10:08:24,-52:48:06.67361423
13:30:00,-52:48:06.67361423
14:56:24,-52:48:06.67361423
15:03:36,-52:48:06.67361423
15:39:36,-52:48:06.67361423
16:15:36,-52:48:06.67361423
16:22:48,-52:48:06.67361423
16:30:00,-52:48:06.67361423
16:37:12,-52:48:06.67361423
16:44:24,-52:48:06.67361423
17:42:00,-52:48:06.67361423
17:49:12,-52:48:06.67361423
18:53:26.25,-04:46:48.69064992
06:16:52.5,+11:24:54.56787383
22:34:30,+60:26:03.97984183
22:43:30,+60:26:03.97984183
22:52:30,+60:26:03.97984183
23:01:30,+60:26:03.97984183
07:07:30,-07:46:57.77178741
07:13:07.5,-07:46:57.77178741
07:46:52.5,-07:46:57.77178741
01:14:38.04878049,+59:40:40.02681568
02:07:19.02439024,+59:40:40.02681568
03:00:00,+59:40:40.02681568
03:08:46.82926829,+59:40:40.02681568
03:17:33.65853659,+59:40:40.02681568
17:09:22.5,-37:55:17.94282345
17:26:15,-37:55:17.94282345
17:37:30,-37:55:17.94282345
09:14:41.63265306,-53:34:20.03981156
09:22:02.44897959,-53:34:20.03981156
09:29:23.26530612,-53:34:20.03981156
19:07:30,+06:34:46.53460192
09:44:04.89795918,-53:34:20.03981156
18:02:48.75,-40:13:41.46502102
10:06:07.34693878,-53:34:20.03981156
10:13:28.16326531,-53:34:20.03981156
16:52:30,-27:57:11.47278017
16:58:07.5,-27:57:11.47278017
17:03:45,-27:57:11.47278017
17:09:22.5,-27:57:11.47278017
17:15:00,-27:57:11.47278017
17:20:37.5,-27:57:11.47278017
17:26:15,-27:57:11.47278017
17:31:52.5,-27:57:11.47278017
17:37:30,-27:57:11.47278017
17:43:07.5,-27:57:11.47278017
17:43:07.5,-07:46:57.77178741
17:54:22.5,-27:57:11.47278017
18:00:00,-27:57:11.47278017
18:05:37.5,-27:57:11.47278017
18:11:15,-27:57:11.47278017
18:16:52.5,-07:46:57.77178741
17:48:45,-27:57:11.47278017
18:16:52.5,-27:57:11.47278017
18:22:30,-27:57:11.47278017
18:39:22.5,-07:46:57.77178741
18:39:22.5,-27:57:11.47278017
13:24:29.3877551,-53:34:20.03981156
18:56:15,-07:46:57.77178741
13:31:50.20408163,-53:34:20.03981156
18:45:00,-27:57:11.47278017
19:13:07.5,+11:24:54.56787383
19:18:45,+11:24:54.56787383
19:13:07.5,-07:46:57.77178741
19:18:45,-07:46:57.77178741
19:35:37.5,+32:05:23.82452261
19:41:15,+32:05:23.82452261
19:24:22.5,+11:24:54.56787383
19:52:30,+32:05:23.82452261
19:58:07.5,+32:05:23.82452261
15:00:00,-53:34:20.03981156
20:03:45,+32:05:23.82452261
19:52:30,+11:24:54.56787383
20:20:37.5,+32:05:23.82452261
15:22:02.44897959,-53:34:20.03981156
20:31:52.5,+32:05:23.82452261
15:29:23.26530612,-53:34:20.03981156
15:36:44.08163265,-53:34:20.03981156
15:44:04.89795918,-53:34:20.03981156
16:06:07.34693878,-53:34:20.03981156
16:13:28.16326531,-53:34:20.03981156
16:20:48.97959184,-53:34:20.03981156
16:28:09.79591837,-53:34:20.03981156
16:35:30.6122449,-53:34:20.03981156
16:42:51.42857143,-53:34:20.03981156
16:50:12.24489796,-53:34:20.03981156
22:10:14.63414634,+59:40:40.02681568
22:36:35.12195122,+59:40:40.02681568
22:45:21.95121951,+59:40:40.02681568
22:54:08.7804878,+59:40:40.02681568
23:02:55.6097561,+59:40:40.02681568
23:11:42.43902439,+59:40:40.02681568
23:20:29.26829268,+59:40:40.02681568
17:48:58.7755102,-53:34:20.03981156
17:57:11.25,-24:37:27.54606779
02:30:00,+58:55:11.19127009
03:04:17.14285714,+58:55:11.19127009
03:12:51.42857143,+58:55:11.19127009
04:12:51.42857143,+58:55:11.19127009
04:21:25.71428571,+58:55:11.19127009
18:19:41.25,-24:37:27.54606779
18:25:18.75,-24:37:27.54606779
18:36:33.75,-24:37:27.54606779
04:44:03.75,+31:23:17.39927165
07:10:18.75,-08:23:07.93912949
07:32:48.75,-28:37:51.56341293
07:38:26.25,-28:37:51.56341293
08:40:18.75,-28:37:51.56341293
09:11:15,-54:20:27.2842939
09:18:45,-54:20:27.2842939
09:26:15,-54:20:27.2842939
09:33:45,-54:20:27.2842939
09:41:15,-54:20:27.2842939
09:48:45,-54:20:27.2842939
09:56:15,-54:20:27.2842939
10:03:45,-54:20:27.2842939
10:11:15,-54:20:27.2842939
13:26:15,-54:20:27.2842939
22:04:17.14285714,+58:55:11.19127009
22:12:51.42857143,+58:55:11.19127009
22:30:00,+58:55:11.19127009
22:38:34.28571429,+58:55:11.19127009
23:04:17.14285714,+58:55:11.19127009
23:12:51.42857143,+58:55:11.19127009
23:21:25.71428571,+58:55:11.19127009
14:56:15,-54:20:27.2842939
15:03:45,-54:20:27.2842939
15:26:15,-54:20:27.2842939
15:33:45,-54:20:27.2842939
15:56:15,-54:20:27.2842939
16:03:45,-54:20:27.2842939
16:11:15,-54:20:27.2842939
16:18:45,-54:20:27.2842939
16:26:15,-54:20:27.2842939
16:33:45,-54:20:27.2842939
16:41:15,-54:20:27.2842939
02:26:30.69767442,+58:09:37.32679562
02:34:53.02325581,+58:09:37.32679562
03:00:00,+58:09:37.32679562
03:08:22.3255814,+58:09:37.32679562
16:49:41.25,-28:37:51.56341293
16:55:18.75,-28:37:51.56341293
17:00:56.25,-28:37:51.56341293
03:33:29.30232558,+58:09:37.32679562
03:41:51.62790698,+58:09:37.32679562
17:17:48.75,-28:37:51.56341293
17:23:26.25,-28:37:51.56341293
17:29:03.75,-28:37:51.56341293
17:34:41.25,-28:37:51.56341293
17:40:18.75,-08:23:07.93912949
17:45:56.25,-08:23:07.93912949
17:51:33.75,-28:37:51.56341293
17:40:18.75,-28:37:51.56341293
17:57:11.25,-28:37:51.56341293
18:08:26.25,-28:37:51.56341293
18:14:03.75,-28:37:51.56341293
18:19:41.25,-28:37:51.56341293
18:25:18.75,-08:23:07.93912949
18:02:48.75,-28:37:51.56341293
17:45:56.25,-28:37:51.56341293
18:42:11.25,-28:37:51.56341293
18:47:48.75,-08:23:07.93912949
18:53:26.25,+10:48:24.9223495
18:59:03.75,-08:23:07.93912949
18:47:48.75,-28:37:51.56341293
19:10:18.75,+10:48:24.9223495
18:42:11.25,-08:23:07.93912949
19:21:33.75,+10:48:24.9223495
18:53:26.25,-08:23:07.93912949
19:32:48.75,+31:23:17.39927165
19:38:26.25,+31:23:17.39927165
19:55:18.75,+31:23:17.39927165
19:55:18.75,+10:48:24.9223495
20:23:26.25,+31:23:17.39927165
20:29:03.75,+31:23:17.39927165
09:15:19.14893617,-55:06:28.57113035
09:22:58.72340426,-55:06:28.57113035
09:30:38.29787234,-55:06:28.57113035
09:38:17.87234043,-55:06:28.57113035
09:45:57.44680851,-55:06:28.57113035
09:53:37.0212766,-55:06:28.57113035
10:01:16.59574468,-55:06:28.57113035
10:08:56.17021277,-55:06:28.57113035
04:46:52.5,+30:41:29.71566572
22:06:58.60465116,+58:09:37.32679562
22:15:20.93023256,+58:09:37.32679562
22:32:05.58139535,+58:09:37.32679562
22:40:27.90697674,+58:09:37.32679562
23:13:57.20930233,+58:09:37.32679562
23:22:19.53488372,+58:09:37.32679562
12:57:26.80851064,-55:06:28.57113035
13:51:03.82978723,-55:06:28.57113035
13:58:43.40425532,-55:06:28.57113035
07:30:00,-29:18:47.51627101
07:35:37.5,-29:18:47.51627101
14:29:21.70212766,-55:06:28.57113035
14:37:01.27659574,-55:06:28.57113035
14:52:20.42553191,-55:06:28.57113035
15:00:00,-55:06:28.57113035
15:07:39.57446809,-55:06:28.57113035
15:15:19.14893617,-55:06:28.57113035
02:31:21.81818182,+57:23:58.28474264
08:37:30,-29:18:47.51627101
08:43:07.5,-29:18:47.51627101
03:04:05.45454545,+57:23:58.28474264
03:12:16.36363636,+57:23:58.28474264
16:08:56.17021277,-55:06:28.57113035
16:16:35.74468085,-55:06:28.57113035
15:53:37.0212766,-55:06:28.57113035
03:20:27.27272727,+57:23:58.28474264
03:28:38.18181818,+57:23:58.28474264
16:24:15.31914894,-55:06:28.57113035
16:39:34.46808511,-55:06:28.57113035
03:36:49.09090909,+57:23:58.28474264
03:45:00,+57:23:58.28474264
16:52:30,-29:18:47.51627101
16:58:07.5,-29:18:47.51627101
17:03:45,-29:18:47.51627101
17:09:22.5,-29:18:47.51627101
17:15:00,-29:18:47.51627101
17:20:37.5,-29:18:47.51627101
17:26:15,-29:18:47.51627101
17:31:52.5,-29:18:47.51627101
17:37:30,-29:18:47.51627101
17:43:07.5,-08:59:21.47764259
17:48:45,-29:18:47.51627101
17:54:22.5,-29:18:47.51627101
18:00:00,-29:18:47.51627101
18:05:37.5,-29:18:47.51627101
18:11:15,-29:18:47.51627101
18:16:52.5,-29:18:47.51627101
18:22:30,-08:59:21.47764259
18:28:07.5,-08:59:21.47764259
18:00:00,-08:59:21.47764259
18:39:22.5,-29:18:47.51627101
18:45:00,-08:59:21.47764259
18:50:37.5,+10:11:59.70512802
18:56:15,-08:59:21.47764259
19:01:52.5,-08:59:21.47764259
19:07:30,+10:11:59.70512802
19:13:07.5,+10:11:59.70512802
18:50:37.5,-08:59:21.47764259
18:45:00,-29:18:47.51627101
18:39:22.5,-08:59:21.47764259
19:52:30,+30:41:29.71566572
19:58:07.5,+30:41:29.71566572
20:03:45,+30:41:29.71566572
20:09:22.5,+30:41:29.71566572
19:52:30,+10:11:59.70512802
20:20:37.5,+30:41:29.71566572
20:26:15,+30:41:29.71566572
20:31:52.5,+30:41:29.71566572
09:27:23.47826087,-55:52:24.06156691
09:35:13.04347826,-55:52:24.06156691
09:43:02.60869565,-55:52:24.06156691
09:58:41.73913043,-55:52:24.06156691
10:06:31.30434783,-55:52:24.06156691
22:09:32.72727273,+57:23:58.28474264
23:06:49.09090909,+57:23:58.28474264
23:15:00,+57:23:58.28474264
12:50:52.17391304,-55:52:24.06156691
12:58:41.73913043,-55:52:24.06156691
13:53:28.69565217,-55:52:24.06156691
14:01:18.26086957,-55:52:24.06156691
14:09:07.82608696,-55:52:24.06156691
14:32:36.52173913,-55:52:24.06156691
14:48:15.65217391,-55:52:24.06156691
03:00:00,+56:38:13.91413275
03:08:00,+56:38:13.91413275
15:11:44.34782609,-55:52:24.06156691
03:24:00,+56:38:13.91413275
15:27:23.47826087,-55:52:24.06156691
14:56:05.2173913,-55:52:24.06156691
15:50:52.17391304,-55:52:24.06156691
15:58:41.73913043,-55:52:24.06156691
16:06:31.30434783,-55:52:24.06156691
16:14:20.86956522,-55:52:24.06156691
16:22:10.43478261,-55:52:24.06156691
16:30:00,-55:52:24.06156691
17:01:18.26086957,-55:52:24.06156691
04:44:03.75,+30:00:00
04:49:41.25,+30:00:00
16:01:16.59574468,-55:06:28.57113035
07:32:48.75,-30:00:00
08:40:18.75,-30:00:00
10:27:34.05405405,-62:41:47.97607299
10:37:17.83783784,-62:41:47.97607299
09:40:00,-56:38:13.91413275
10:04:00,-56:38:13.91413275
10:12:00,-56:38:13.91413275
23:08:00,+56:38:13.91413275
23:16:00,+56:38:13.91413275
12:52:00,-56:38:13.91413275
13:00:00,-56:38:13.91413275
17:06:33.75,-30:00:00
17:12:11.25,-30:00:00
17:17:48.75,-30:00:00
17:23:26.25,-30:00:00
17:29:03.75,-30:00:00
17:34:41.25,-30:00:00
13:40:00,-56:38:13.91413275
14:04:00,-56:38:13.91413275
14:12:00,-56:38:13.91413275
17:57:11.25,-09:35:38.6456167
18:02:48.75,-09:35:38.6456167
17:51:33.75,-30:00:00
17:57:11.25,-30:00:00
03:03:54.7826087,+55:52:24.06156691
18:25:18.75,-09:35:38.6456167
18:02:48.75,-30:00:00
18:36:33.75,-30:00:00
18:42:11.25,-30:00:00
18:47:48.75,+09:35:38.6456167
03:27:23.47826087,+55:52:24.06156691
18:53:26.25,+09:35:38.6456167
04:06:31.30434783,+55:52:24.06156691
18:42:11.25,-09:35:38.6456167
19:15:56.25,+09:35:38.6456167
15:24:00,-56:38:13.91413275
15:32:00,-56:38:13.91413275
15:40:00,-56:38:13.91413275
16:04:00,-56:38:13.91413275
16:12:00,-56:38:13.91413275
19:04:41.25,-09:35:38.6456167
19:55:18.75,+30:00:00
20:00:56.25,+30:00:00
16:52:00,-56:38:13.91413275
17:00:00,-56:38:13.91413275
20:17:48.75,+30:00:00
20:23:26.25,+30:00:00
20:06:33.75,+30:00:00
20:12:11.25,+30:00:00
17:43:07.5,-29:18:47.51627101
20:01:18.26086957,+55:52:24.06156691
20:09:07.82608696,+55:52:24.06156691
08:39:32.72727273,-57:23:58.28474264
08:47:43.63636364,-57:23:58.28474264
09:12:16.36363636,-57:23:58.28474264
18:22:30,-29:18:47.51627101
09:53:10.90909091,-57:23:58.28474264
18:28:07.5,-29:18:47.51627101
08:03:45,-30:41:29.71566572
11:31:21.81818182,-57:23:58.28474264
11:39:32.72727273,-57:23:58.28474264
23:40:26.08695652,+55:52:24.06156691
19:41:15,+13:51:43.01881938
12:53:10.90909091,-57:23:58.28474264
13:01:21.81818182,-57:23:58.28474264
13:34:05.45454545,-57:23:58.28474264
13:42:16.36363636,-57:23:58.28474264
13:50:27.27272727,-57:23:58.28474264
14:15:00,-57:23:58.28474264
14:39:32.72727273,-57:23:58.28474264
15:04:05.45454545,-57:23:58.28474264
15:12:16.36363636,-57:23:58.28474264
15:20:27.27272727,-57:23:58.28474264
15:28:38.18181818,-57:23:58.28474264
15:36:49.09090909,-57:23:58.28474264
15:45:00,-57:23:58.28474264
15:53:10.90909091,-57:23:58.28474264
16:01:21.81818182,-57:23:58.28474264
16:17:43.63636364,-57:23:58.28474264
04:01:16.59574468,+55:06:28.57113035
04:08:56.17021277,+55:06:28.57113035
16:58:38.18181818,-57:23:58.28474264
17:45:56.25,-16:57:27.94788001
17:51:33.75,-16:57:27.94788001
17:57:11.25,-16:57:27.94788001
18:19:41.25,-16:57:27.94788001
16:52:30,-30:41:29.71566572
16:58:07.5,-30:41:29.71566572
17:03:45,-30:41:29.71566572
17:09:22.5,-30:41:29.71566572
17:15:00,-30:41:29.71566572
17:20:37.5,-30:41:29.71566572
17:26:15,-30:41:29.71566572
17:31:52.5,-30:41:29.71566572
17:37:30,-30:41:29.71566572
17:43:07.5,-30:41:29.71566572
17:48:45,-30:41:29.71566572
17:54:22.5,-30:41:29.71566572
18:00:00,-10:11:59.70512802
18:05:37.5,-30:41:29.71566572
18:11:15,-30:41:29.71566572
18:16:52.5,-10:11:59.70512802
18:22:30,-10:11:59.70512802
18:16:52.5,-30:41:29.71566572
18:00:00,-30:41:29.71566572
18:39:22.5,-30:41:29.71566572
18:45:00,+08:59:21.47764259
18:50:37.5,+08:59:21.47764259
18:39:22.5,-10:11:59.70512802
18:45:00,-10:11:59.70512802
19:07:30,-10:11:59.70512802
19:13:07.5,+08:59:21.47764259
19:18:45,+08:59:21.47764259
19:24:22.5,+08:59:21.47764259
18:56:15,-10:11:59.70512802
19:01:52.5,+08:59:21.47764259
19:07:30,+08:59:21.47764259
19:58:07.5,+29:18:47.51627101
20:03:45,+29:18:47.51627101
20:09:22.5,+29:18:47.51627101
12:34:03.24324324,-62:41:47.97607299
08:43:15.34883721,-58:09:37.32679562
09:08:22.3255814,-58:09:37.32679562
09:16:44.65116279,-58:09:37.32679562
09:50:13.95348837,-58:09:37.32679562
09:58:36.27906977,-58:09:37.32679562
19:58:43.40425532,+55:06:28.57113035
20:06:22.9787234,+55:06:28.57113035
11:30:41.86046512,-58:09:37.32679562
11:39:04.18604651,-58:09:37.32679562
21:45:57.44680851,+55:06:28.57113035
21:53:37.0212766,+55:06:28.57113035
12:54:25.11627907,-58:09:37.32679562
13:02:47.44186047,-58:09:37.32679562
13:11:09.76744186,-58:09:37.32679562
13:36:16.74418605,-58:09:37.32679562
13:44:39.06976744,-58:09:37.32679562
13:53:01.39534884,-58:09:37.32679562
23:33:11.4893617,+55:06:28.57113035
23:40:51.06382979,+55:06:28.57113035
14:18:08.37209302,-58:09:37.32679562
14:34:53.02325581,-58:09:37.32679562
14:43:15.34883721,-58:09:37.32679562
14:51:37.6744186,-58:09:37.32679562
15:00:00,-58:09:37.32679562
15:08:22.3255814,-58:09:37.32679562
15:16:44.65116279,-58:09:37.32679562
15:25:06.97674419,-58:09:37.32679562
15:33:29.30232558,-58:09:37.32679562
15:50:13.95348837,-58:09:37.32679562
15:58:36.27906977,-58:09:37.32679562
16:15:20.93023256,-58:09:37.32679562
16:23:43.25581395,-58:09:37.32679562
16:32:05.58139535,-58:09:37.32679562
07:15:56.25,-31:23:17.39927165
07:21:33.75,-31:23:17.39927165
07:44:03.75,-31:23:17.39927165
07:49:41.25,-31:23:17.39927165
08:00:56.25,-31:23:17.39927165
08:06:33.75,-31:23:17.39927165
17:23:26.25,-38:40:55.87483256
17:34:41.25,-38:40:55.87483256
17:51:33.75,-38:40:55.87483256
09:12:51.42857143,-58:55:11.19127009
10:21:25.71428571,-58:55:11.19127009
10:30:00,-58:55:11.19127009
10:55:42.85714286,-58:55:11.19127009
16:55:18.75,-31:23:17.39927165
11:38:34.28571429,-58:55:11.19127009
17:00:56.25,-31:23:17.39927165
11:55:42.85714286,-58:55:11.19127009
17:06:33.75,-31:23:17.39927165
17:12:11.25,-31:23:17.39927165
17:17:48.75,-31:23:17.39927165
17:34:41.25,-31:23:17.39927165
17:40:18.75,-31:23:17.39927165
17:23:26.25,-31:23:17.39927165
17:51:33.75,-31:23:17.39927165
17:57:11.25,-31:23:17.39927165
18:02:48.75,-31:23:17.39927165
18:08:26.25,-31:23:17.39927165
18:14:03.75,-31:23:17.39927165
17:29:03.75,-31:23:17.39927165
13:47:08.57142857,-58:55:11.19127009
18:30:56.25,-31:23:17.39927165
18:36:33.75,-31:23:17.39927165
14:12:51.42857143,-58:55:11.19127009
14:21:25.71428571,-58:55:11.19127009
18:47:48.75,+08:23:07.93912949
18:42:11.25,+08:23:07.93912949
14:47:08.57142857,-58:55:11.19127009
14:55:42.85714286,-58:55:11.19127009
19:15:56.25,+08:23:07.93912949
19:21:33.75,+08:23:07.93912949
15:21:25.71428571,-58:55:11.19127009
15:30:00,-58:55:11.19127009
19:04:41.25,-10:48:24.9223495
21:48:45,+54:20:27.2842939
19:27:11.25,+08:23:07.93912949
19:55:18.75,+28:37:51.56341293
20:00:56.25,+28:37:51.56341293
16:21:25.71428571,-58:55:11.19127009
16:30:00,-58:55:11.19127009
19:49:41.25,+28:37:51.56341293
19:38:26.25,+28:37:51.56341293
19:44:03.75,+28:37:51.56341293
23:33:45,+54:20:27.2842939
23:41:15,+54:20:27.2842939
20:45:56.25,+28:37:51.56341293
20:51:33.75,+28:37:51.56341293
18:28:07.5,-25:16:57.37095592
18:33:45,-25:16:57.37095592
18:39:22.5,-25:16:57.37095592
07:18:45,-32:05:23.82452261
07:24:22.5,-32:05:23.82452261
10:10:14.63414634,-59:40:40.02681568
07:41:15,-32:05:23.82452261
07:46:52.5,-32:05:23.82452261
10:36:35.12195122,-59:40:40.02681568
10:45:21.95121951,-59:40:40.02681568
07:52:30,-32:05:23.82452261
10:54:08.7804878,-59:40:40.02681568
11:11:42.43902439,-59:40:40.02681568
10:19:01.46341463,-59:40:40.02681568
11:29:16.09756098,-59:40:40.02681568
11:38:02.92682927,-59:40:40.02681568
10:27:48.29268293,-59:40:40.02681568
11:55:36.58536585,-59:40:40.02681568
12:04:23.41463415,-59:40:40.02681568
08:03:45,-32:05:23.82452261
12:57:04.3902439,-59:40:40.02681568
13:23:24.87804878,-59:40:40.02681568
13:40:58.53658537,-59:40:40.02681568
13:49:45.36585366,-59:40:40.02681568
14:07:19.02439024,-59:40:40.02681568
14:16:05.85365854,-59:40:40.02681568
14:24:52.68292683,-59:40:40.02681568
14:33:39.51219512,-59:40:40.02681568
18:36:33.75,-13:14:52.85366044
23:04:53.87755102,+53:34:20.03981156
23:12:14.69387755,+53:34:20.03981156
16:58:07.5,-32:05:23.82452261
17:03:45,-32:05:23.82452261
17:09:22.5,-32:05:23.82452261
17:15:00,-32:05:23.82452261
17:20:37.5,-32:05:23.82452261
17:26:15,-32:05:23.82452261
17:31:52.5,-32:05:23.82452261
17:37:30,-32:05:23.82452261
17:43:07.5,-32:05:23.82452261
17:48:45,-32:05:23.82452261
17:54:22.5,-32:05:23.82452261
18:00:00,-32:05:23.82452261
18:05:37.5,-32:05:23.82452261
18:11:15,-32:05:23.82452261
18:16:52.5,-32:05:23.82452261
03:54:00,+52:48:06.67361423
04:01:12,+52:48:06.67361423
18:28:07.5,-32:05:23.82452261
18:39:22.5,-11:24:54.56787383
18:45:00,+07:46:57.77178741
18:45:00,-11:24:54.56787383
18:33:45,-32:05:23.82452261
18:33:45,-11:24:54.56787383
19:07:30,+07:46:57.77178741
18:56:15,-11:24:54.56787383
19:18:45,+07:46:57.77178741
19:24:22.5,+07:46:57.77178741
18:50:37.5,-11:24:54.56787383
19:41:15,+27:57:11.47278017
19:52:30,+27:57:11.47278017
19:58:07.5,+27:57:11.47278017
20:03:45,+27:57:11.47278017
20:48:45,+27:57:11.47278017
10:07:30,-60:26:03.97984183
10:16:30,-60:26:03.97984183
10:34:30,-60:26:03.97984183
10:43:30,-60:26:03.97984183
10:52:30,-60:26:03.97984183
11:01:30,-60:26:03.97984183
11:10:30,-60:26:03.97984183
11:19:30,-60:26:03.97984183
11:28:30,-60:26:03.97984183
11:37:30,-60:26:03.97984183
11:55:30,-60:26:03.97984183
12:58:30,-60:26:03.97984183
13:16:30,-60:26:03.97984183
13:25:30,-60:26:03.97984183
13:43:30,-60:26:03.97984183
13:52:30,-60:26:03.97984183
14:10:30,-60:26:03.97984183
14:19:30,-60:26:03.97984183
14:28:30,-60:26:03.97984183
14:37:30,-60:26:03.97984183
15:04:30,-60:26:03.97984183
15:49:30,-60:26:03.97984183
07:27:11.25,-12:01:28.91705004
07:44:03.75,-32:47:49.80586497
08:06:33.75,-32:47:49.80586497
08:17:48.75,-32:47:49.80586497
08:34:41.25,-32:47:49.80586497
23:06:00,+52:48:06.67361423
23:13:12,+52:48:06.67361423
18:14:03.75,-34:13:43.91878013
18:19:41.25,-34:13:43.91878013
03:56:28.23529412,+52:01:47.01869927
11:00:00,-61:11:23.19460338
11:09:13.84615385,-61:11:23.19460338
11:18:27.69230769,-61:11:23.19460338
11:27:41.53846154,-61:11:23.19460338
11:36:55.38461538,-61:11:23.19460338
12:04:36.92307692,-61:11:23.19460338
12:13:50.76923077,-61:11:23.19460338
12:23:04.61538462,-61:11:23.19460338
12:32:18.46153846,-61:11:23.19460338
13:00:00,-61:11:23.19460338
13:55:23.07692308,-61:11:23.19460338
14:13:50.76923077,-61:11:23.19460338
14:23:04.61538462,-61:11:23.19460338
14:32:18.46153846,-61:11:23.19460338
14:41:32.30769231,-61:11:23.19460338
14:50:46.15384615,-61:11:23.19460338
15:00:00,-61:11:23.19460338
15:09:13.84615385,-61:11:23.19460338
16:55:18.75,-32:47:49.80586497
17:00:56.25,-32:47:49.80586497
15:46:09.23076923,-61:11:23.19460338
15:55:23.07692308,-61:11:23.19460338
17:12:11.25,-32:47:49.80586497
17:23:26.25,-32:47:49.80586497
17:29:03.75,-32:47:49.80586497
17:34:41.25,-32:47:49.80586497
17:40:18.75,-32:47:49.80586497
17:45:56.25,-32:47:49.80586497
17:00:00,-61:11:23.19460338
17:57:11.25,-32:47:49.80586497
18:02:48.75,-32:47:49.80586497
18:08:26.25,-32:47:49.80586497
18:14:03.75,-32:47:49.80586497
17:51:33.75,-32:47:49.80586497
18:25:18.75,-32:47:49.80586497
18:30:56.25,-12:01:28.91705004
18:36:33.75,-12:01:28.91705004
18:42:11.25,-12:01:28.91705004
18:30:56.25,-32:47:49.80586497
18:19:41.25,-32:47:49.80586497
19:04:41.25,+07:10:50.72081325
19:10:18.75,+07:10:50.72081325
19:15:56.25,+27:16:46.60584952
19:21:33.75,+07:10:50.72081325
19:27:11.25,+27:16:46.60584952
19:38:26.25,+27:16:46.60584952
19:49:41.25,+27:16:46.60584952
20:00:56.25,+27:16:46.60584952
20:06:33.75,+27:16:46.60584952
20:45:56.25,+27:16:46.60584952
20:51:33.75,+27:16:46.60584952
21:07:03.52941176,+52:01:47.01869927
21:14:07.05882353,+52:01:47.01869927
22:17:38.82352941,+52:01:47.01869927
23:07:03.52941176,+52:01:47.01869927
23:14:07.05882353,+52:01:47.01869927
11:07:53.68421053,-61:56:37.81328336
11:17:22.10526316,-61:56:37.81328336
11:45:47.36842105,-61:56:37.81328336
11:55:15.78947368,-61:56:37.81328336
12:04:44.21052632,-61:56:37.81328336
12:14:12.63157895,-61:56:37.81328336
12:23:41.05263158,-61:56:37.81328336
12:33:09.47368421,-61:56:37.81328336
13:48:56.84210526,-61:56:37.81328336
13:58:25.26315789,-61:56:37.81328336
14:07:53.68421053,-61:56:37.81328336
14:17:22.10526316,-61:56:37.81328336
14:26:50.52631579,-61:56:37.81328336
06:33:45,+06:34:46.53460192
14:45:47.36842105,-61:56:37.81328336
06:56:15,-12:38:08.25033488
15:04:44.21052632,-61:56:37.81328336
14:55:15.78947368,-61:56:37.81328336
14:36:18.94736842,-61:56:37.81328336
15:33:09.47368421,-61:56:37.81328336
15:42:37.89473684,-61:56:37.81328336
07:30:00,-12:38:08.25033488
15:52:06.31578947,-61:56:37.81328336
16:01:34.73684211,-61:56:37.81328336
03:10:23.07692308,+51:15:20.9050157
03:17:18.46153846,+51:15:20.9050157
08:03:45,-33:30:36.20183851
08:09:22.5,-33:30:36.20183851
08:15:00,-33:30:36.20183851
08:20:37.5,-33:30:36.20183851
16:58:25.26315789,-61:56:37.81328336
08:31:52.5,-33:30:36.20183851
08:37:30,-33:30:36.20183851
18:36:33.75,-09:35:38.6456167
18:47:48.75,-09:35:38.6456167
18:53:26.25,-09:35:38.6456167
16:01:52.5,-33:30:36.20183851
16:07:30,-33:30:36.20183851
16:58:07.5,-33:30:36.20183851
17:03:45,-33:30:36.20183851
17:09:22.5,-33:30:36.20183851
17:15:00,-33:30:36.20183851
17:20:37.5,-33:30:36.20183851
17:26:15,-33:30:36.20183851
17:31:52.5,-33:30:36.20183851
17:37:30,-33:30:36.20183851
17:43:07.5,-33:30:36.20183851
17:48:45,-33:30:36.20183851
17:54:22.5,-33:30:36.20183851
18:00:00,-33:30:36.20183851
18:05:37.5,-33:30:36.20183851
18:11:15,-33:30:36.20183851
18:16:52.5,-33:30:36.20183851
18:22:30,-33:30:36.20183851
18:28:07.5,-12:38:08.25033488
18:33:45,-12:38:08.25033488
18:39:22.5,-12:38:08.25033488
18:45:00,+06:34:46.53460192
11:16:12.97297297,-62:41:47.97607299
18:45:00,-12:38:08.25033488
18:28:07.5,-33:30:36.20183851
11:45:24.32432432,-62:41:47.97607299
11:55:08.10810811,-62:41:47.97607299
12:04:51.89189189,-62:41:47.97607299
12:14:35.67567568,-62:41:47.97607299
12:24:19.45945946,-62:41:47.97607299
19:18:45,+06:34:46.53460192
19:24:22.5,+06:34:46.53460192
19:46:52.5,+26:36:36.35211864
19:52:30,+26:36:36.35211864
13:12:58.37837838,-62:41:47.97607299
20:03:45,+26:36:36.35211864
13:32:25.94594595,-62:41:47.97607299
13:42:09.72972973,-62:41:47.97607299
13:51:53.51351351,-62:41:47.97607299
13:22:42.16216216,-62:41:47.97607299
14:01:37.2972973,-62:41:47.97607299
14:21:04.86486486,-62:41:47.97607299
14:11:21.08108108,-62:41:47.97607299
14:40:32.43243243,-62:41:47.97607299
14:50:16.21621622,-62:41:47.97607299
15:00:00,-62:41:47.97607299
15:29:11.35135135,-62:41:47.97607299
15:38:55.13513514,-62:41:47.97607299
16:56:45.40540541,-62:41:47.97607299
21:03:27.69230769,+51:15:20.9050157
21:10:23.07692308,+51:15:20.9050157
21:17:18.46153846,+51:15:20.9050157
21:24:13.84615385,+51:15:20.9050157
22:12:41.53846154,+51:15:20.9050157
22:19:36.92307692,+51:15:20.9050157
23:08:04.61538462,+51:15:20.9050157
23:15:00,+51:15:20.9050157
16:55:18.75,-30:00:00
17:00:56.25,-30:00:00
01:38:29.43396226,+50:28:48.15934479
01:45:16.98113208,+50:28:48.15934479
02:39:37.35849057,+50:28:48.15934479
03:13:35.09433962,+50:28:48.15934479
04:07:55.47169811,+50:28:48.15934479
17:40:18.75,-30:00:00
17:45:56.25,-30:00:00
06:30:56.25,+05:58:44.96446668
18:08:26.25,-30:00:00
06:53:26.25,-13:14:52.85366044
06:59:03.75,-13:14:52.85366044
18:14:03.75,-30:00:00
07:27:11.25,-13:14:52.85366044
18:19:41.25,-30:00:00
08:06:33.75,-34:13:43.91878013
10:25:00,-63:26:53.82124908
08:17:48.75,-34:13:43.91878013
10:35:00,-63:26:53.82124908
18:25:18.75,-30:00:00
08:34:41.25,-34:13:43.91878013
18:30:56.25,-30:00:00
11:45:00,-63:26:53.82124908
11:55:00,-63:26:53.82124908
12:15:00,-63:26:53.82124908
12:25:00,-63:26:53.82124908
12:35:00,-63:26:53.82124908
12:45:00,-63:26:53.82124908
12:55:00,-63:26:53.82124908
13:05:00,-63:26:53.82124908
13:15:00,-63:26:53.82124908
13:25:00,-63:26:53.82124908
13:35:00,-63:26:53.82124908
13:45:00,-63:26:53.82124908
13:55:00,-63:26:53.82124908
14:05:00,-63:26:53.82124908
14:45:00,-63:26:53.82124908
14:55:00,-63:26:53.82124908
15:05:00,-63:26:53.82124908
15:15:00,-63:26:53.82124908
15:55:00,-63:26:53.82124908
16:05:00,-63:26:53.82124908
17:26:15,-17:34:57.99363033
17:31:52.5,-17:34:57.99363033
17:43:07.5,-17:34:57.99363033
17:48:45,-17:34:57.99363033
15:59:03.75,-34:13:43.91878013
16:04:41.25,-34:13:43.91878013
16:55:18.75,-34:13:43.91878013
17:00:56.25,-34:13:43.91878013
17:06:33.75,-34:13:43.91878013
17:12:11.25,-34:13:43.91878013
17:17:48.75,-34:13:43.91878013
17:29:03.75,-34:13:43.91878013
17:34:41.25,-34:13:43.91878013
17:40:18.75,-34:13:43.91878013
17:45:56.25,-34:13:43.91878013
17:51:33.75,-34:13:43.91878013
17:57:11.25,-34:13:43.91878013
18:02:48.75,-34:13:43.91878013
21:00:00,+50:28:48.15934479
18:08:26.25,-34:13:43.91878013
21:13:35.09433962,+50:28:48.15934479
18:25:18.75,-13:14:52.85366044
18:25:18.75,-34:13:43.91878013
21:20:22.64150943,+50:28:48.15934479
21:27:10.18867925,+50:28:48.15934479
18:42:11.25,-13:14:52.85366044
18:47:48.75,+05:58:44.96446668
18:47:48.75,-13:14:52.85366044
18:30:56.25,-13:14:52.85366044
19:10:18.75,+05:58:44.96446668
22:07:55.47169811,+50:28:48.15934479
22:14:43.01886792,+50:28:48.15934479
19:15:56.25,+05:58:44.96446668
19:21:33.75,+05:58:44.96446668
19:27:11.25,+25:56:40.12718053
19:15:56.25,+25:56:40.12718053
19:49:41.25,+25:56:40.12718053
19:55:18.75,+25:56:40.12718053
23:09:03.39622642,+50:28:48.15934479
08:29:08.57142857,-64:11:55.48524912
10:32:34.28571429,-64:11:55.48524912
01:36:40,+49:42:08.60517587
01:43:20,+49:42:08.60517587
11:44:34.28571429,-64:11:55.48524912
11:54:51.42857143,-64:11:55.48524912
12:15:25.71428571,-64:11:55.48524912
12:25:42.85714286,-64:11:55.48524912
12:36:00,-64:11:55.48524912
12:46:17.14285714,-64:11:55.48524912
12:56:34.28571429,-64:11:55.48524912
02:36:40,+49:42:08.60517587
02:43:20,+49:42:08.60517587
13:27:25.71428571,-64:11:55.48524912
13:37:42.85714286,-64:11:55.48524912
13:17:08.57142857,-64:11:55.48524912
13:58:17.14285714,-64:11:55.48524912
14:08:34.28571429,-64:11:55.48524912
14:18:51.42857143,-64:11:55.48524912
13:48:00,-64:11:55.48524912
14:49:42.85714286,-64:11:55.48524912
15:00:00,-64:11:55.48524912
15:10:17.14285714,-64:11:55.48524912
15:20:34.28571429,-64:11:55.48524912
04:03:20,+49:42:08.60517587
04:10:00,+49:42:08.60517587
16:01:42.85714286,-64:11:55.48524912
16:12:00,-64:11:55.48524912
13:56:00,-56:38:13.91413275
14:20:00,-56:38:13.91413275
06:33:45,+05:22:45.764368
06:56:15,-13:51:43.01881938
14:52:00,-56:38:13.91413275
07:52:30,-34:57:13.91492588
07:58:07.5,-34:57:13.91492588
08:03:45,-34:57:13.91492588
08:22:56.47058824,-64:56:53.10274382
08:33:31.76470588,-64:56:53.10274382
11:01:45.88235294,-64:56:53.10274382
15:48:00,-56:38:13.91413275
11:44:07.05882353,-64:56:53.10274382
12:15:52.94117647,-64:56:53.10274382
12:26:28.23529412,-64:56:53.10274382
12:37:03.52941176,-64:56:53.10274382
12:47:38.82352941,-64:56:53.10274382
12:58:14.11764706,-64:56:53.10274382
13:08:49.41176471,-64:56:53.10274382
13:19:24.70588235,-64:56:53.10274382
13:30:00,-64:56:53.10274382
13:40:35.29411765,-64:56:53.10274382
15:56:00,-56:38:13.91413275
14:01:45.88235294,-64:56:53.10274382
14:12:21.17647059,-64:56:53.10274382
14:22:56.47058824,-64:56:53.10274382
16:20:00,-56:38:13.91413275
15:15:52.94117647,-64:56:53.10274382
15:58:14.11764706,-64:56:53.10274382
16:08:49.41176471,-64:56:53.10274382
16:19:24.70588235,-64:56:53.10274382
17:37:30,-39:27:03.22095293
20:56:40,+49:42:08.60517587
21:03:20,+49:42:08.60517587
21:16:40,+49:42:08.60517587
21:23:20,+49:42:08.60517587
22:10:00,+49:42:08.60517587
22:16:40,+49:42:08.60517587
17:54:22.5,-39:27:03.22095293
16:01:52.5,-34:57:13.91492588
16:30:00,-34:57:13.91492588
16:58:07.5,-34:57:13.91492588
17:03:45,-34:57:13.91492588
17:09:22.5,-34:57:13.91492588
17:15:00,-34:57:13.91492588
17:20:37.5,-34:57:13.91492588
17:31:52.5,-13:51:43.01881938
17:37:30,-34:57:13.91492588
17:43:07.5,-34:57:13.91492588
17:48:45,-34:57:13.91492588
17:54:22.5,-34:57:13.91492588
18:00:00,-34:57:13.91492588
18:05:37.5,-34:57:13.91492588
18:11:15,-34:57:13.91492588
01:41:27.27272727,+48:55:22.06257689
18:22:30,-13:51:43.01881938
18:28:07.5,-13:51:43.01881938
18:33:45,-13:51:43.01881938
18:39:22.5,-13:51:43.01881938
18:45:00,+05:22:45.764368
18:45:00,-34:57:13.91492588
18:50:37.5,+05:22:45.764368
18:45:00,-13:51:43.01881938
19:07:30,+05:22:45.764368
19:13:07.5,+05:22:45.764368
02:40:21.81818182,+48:55:22.06257689
19:18:45,+05:22:45.764368
19:52:30,+25:16:57.37095592
19:58:07.5,+25:16:57.37095592
04:05:27.27272727,+48:55:22.06257689
04:38:10.90909091,+48:55:22.06257689
08:27:16.36363636,-65:41:46.80670768
09:43:38.18181818,-65:41:46.80670768
10:05:27.27272727,-65:41:46.80670768
11:00:00,-65:41:46.80670768
11:10:54.54545455,-65:41:46.80670768
12:49:05.45454545,-65:41:46.80670768
13:10:54.54545455,-65:41:46.80670768
13:21:49.09090909,-65:41:46.80670768
13:32:43.63636364,-65:41:46.80670768
17:51:33.75,-25:56:40.12718053
14:49:05.45454545,-65:41:46.80670768
17:57:11.25,-25:56:40.12718053
18:25:18.75,-25:56:40.12718053
18:30:56.25,-25:56:40.12718053
18:36:33.75,-25:56:40.12718053
06:53:26.25,-14:28:39.04386935
06:59:03.75,-14:28:39.04386935
07:55:18.75,-35:41:07.20496555
08:00:56.25,-35:41:07.20496555
08:34:41.25,-35:41:07.20496555
05:31:52.5,-66:26:36.72848724
09:39:22.5,-66:26:36.72848724
09:50:37.5,-66:26:36.72848724
10:01:52.5,-66:26:36.72848724
10:13:07.5,-66:26:36.72848724
21:19:38.18181818,+48:55:22.06257689
21:26:10.90909091,+48:55:22.06257689
10:46:52.5,-66:26:36.72848724
10:58:07.5,-66:26:36.72848724
11:09:22.5,-66:26:36.72848724
11:31:52.5,-66:26:36.72848724
22:12:00,+48:55:22.06257689
13:24:22.5,-66:26:36.72848724
13:35:37.5,-66:26:36.72848724
14:43:07.5,-66:26:36.72848724
14:54:22.5,-66:26:36.72848724
15:28:07.5,-66:26:36.72848724
16:32:48.75,-35:41:07.20496555
17:00:56.25,-35:41:07.20496555
17:06:33.75,-35:41:07.20496555
17:12:11.25,-35:41:07.20496555
17:17:48.75,-35:41:07.20496555
04:33:12.85714286,+48:08:28.3480597
04:39:38.57142857,+48:08:28.3480597
17:34:41.25,-14:28:39.04386935
17:40:18.75,-35:41:07.20496555
17:51:33.75,-35:41:07.20496555
17:57:11.25,-35:41:07.20496555
17:45:56.25,-35:41:07.20496555
18:02:48.75,-35:41:07.20496555
18:08:26.25,-35:41:07.20496555
18:14:03.75,-35:41:07.20496555
18:25:18.75,-14:28:39.04386935
18:30:56.25,-14:28:39.04386935
18:36:33.75,-14:28:39.04386935
18:42:11.25,-35:41:07.20496555
18:47:48.75,-35:41:07.20496555
18:42:11.25,-14:28:39.04386935
18:47:48.75,-14:28:39.04386935
19:10:18.75,+04:46:48.69064992
19:15:56.25,+04:46:48.69064992
19:38:26.25,+24:37:27.54606779
19:55:18.75,+24:37:27.54606779
05:19:21.29032258,-67:11:22.9978675
05:30:58.06451613,-67:11:22.9978675
10:44:30.96774194,-67:11:22.9978675
11:19:21.29032258,-67:11:22.9978675
11:30:58.06451613,-67:11:22.9978675
11:42:34.83870968,-67:11:22.9978675
12:05:48.38709677,-67:11:22.9978675
12:29:01.93548387,-67:11:22.9978675
12:40:38.70967742,-67:11:22.9978675
13:27:05.80645161,-67:11:22.9978675
13:38:42.58064516,-67:11:22.9978675
15:23:13.5483871,-67:11:22.9978675
15:34:50.32258065,-67:11:22.9978675
21:03:12.85714286,+48:08:28.3480597
07:58:07.5,-36:25:24.86511239
21:09:38.57142857,+48:08:28.3480597
21:22:30,+48:08:28.3480597
21:28:55.71428571,+48:08:28.3480597
05:30:00,-67:56:05.74313637
08:31:52.5,-36:25:24.86511239
08:37:30,-36:25:24.86511239
17:31:52.5,-34:57:13.91492588
10:42:00,-67:56:05.74313637
11:30:00,-67:56:05.74313637
11:42:00,-67:56:05.74313637
11:54:00,-67:56:05.74313637
12:06:00,-67:56:05.74313637
12:18:00,-67:56:05.74313637
12:30:00,-67:56:05.74313637
12:42:00,-67:56:05.74313637
13:30:00,-67:56:05.74313637
15:30:00,-67:56:05.74313637
18:16:52.5,-34:57:13.91492588
04:34:44.21052632,+47:21:27.27443952
04:41:03.15789474,+47:21:27.27443952
16:30:00,-36:25:24.86511239
16:35:37.5,-36:25:24.86511239
17:03:45,-36:25:24.86511239
17:26:15,-36:25:24.86511239
17:31:52.5,-15:05:41.23355836
17:37:30,-15:05:41.23355836
17:37:30,-36:25:24.86511239
17:43:07.5,-36:25:24.86511239
17:54:22.5,-15:05:41.23355836
18:00:00,-36:25:24.86511239
17:54:22.5,-36:25:24.86511239
18:11:15,-36:25:24.86511239
18:16:52.5,-36:25:24.86511239
17:31:52.5,-36:25:24.86511239
18:28:07.5,-15:05:41.23355836
17:48:45,-36:25:24.86511239
18:39:22.5,-15:05:41.23355836
18:45:00,-36:25:24.86511239
18:05:37.5,-36:25:24.86511239
18:33:45,-15:05:41.23355836
19:01:52.5,+04:10:53.5017832
19:07:30,-15:05:41.23355836
19:07:30,+04:10:53.5017832
19:13:07.5,+04:10:53.5017832
05:41:22.75862069,-68:40:45.09114735
19:30:00,+23:58:10.13634393
19:35:37.5,+23:58:10.13634393
19:41:15,+23:58:10.13634393
19:46:52.5,+23:58:10.13634393
05:28:57.93103448,-68:40:45.09114735
05:16:33.10344828,-68:40:45.09114735
20:48:45,+23:58:10.13634393
11:28:57.93103448,-68:40:45.09114735
11:41:22.75862069,-68:40:45.09114735
11:53:47.5862069,-68:40:45.09114735
12:06:12.4137931,-68:40:45.09114735
12:18:37.24137931,-68:40:45.09114735
13:20:41.37931034,-68:40:45.09114735
13:33:06.20689655,-68:40:45.09114735
21:00:00,+47:21:27.27443952
21:06:18.94736842,+47:21:27.27443952
21:25:15.78947368,+47:21:27.27443952
21:31:34.73684211,+47:21:27.27443952
21:37:53.68421053,+47:21:27.27443952
05:02:08.57142857,-69:25:21.1673805
05:15:00,-69:25:21.1673805
05:27:51.42857143,-69:25:21.1673805
05:40:42.85714286,-69:25:21.1673805
07:27:11.25,-15:42:49.89977283
08:29:03.75,-37:10:08.0387616
08:34:41.25,-37:10:08.0387616
11:27:51.42857143,-69:25:21.1673805
12:06:25.71428571,-69:25:21.1673805
12:19:17.14285714,-69:25:21.1673805
18:33:45,-10:11:59.70512802
18:50:37.5,-10:11:59.70512802
04:48:37.24137931,+46:34:18.65068842
04:54:49.65517241,+46:34:18.65068842
13:10:18.75,-37:10:08.0387616
13:15:56.25,-37:10:08.0387616
05:13:20,-70:09:54.09600176
05:26:40,-70:09:54.09600176
05:40:00,-70:09:54.09600176
16:44:03.75,-37:10:08.0387616
17:06:33.75,-37:10:08.0387616
17:12:11.25,-15:42:49.89977283
17:12:11.25,-37:10:08.0387616
17:29:03.75,-37:10:08.0387616
17:34:41.25,-37:10:08.0387616
17:40:18.75,-37:10:08.0387616
17:45:56.25,-15:42:49.89977283
17:51:33.75,-15:42:49.89977283
17:51:33.75,-37:10:08.0387616
18:02:48.75,-15:42:49.89977283
18:02:48.75,-37:10:08.0387616
18:14:03.75,-37:10:08.0387616
17:57:11.25,-37:10:08.0387616
17:45:56.25,-37:10:08.0387616
18:30:56.25,-15:42:49.89977283
18:36:33.75,-15:42:49.89977283
18:42:11.25,+03:34:59.9581145
18:42:11.25,-15:42:49.89977283
18:25:18.75,-15:42:49.89977283
18:59:03.75,+03:34:59.9581145
19:04:41.25,+03:34:59.9581145
19:10:18.75,-15:42:49.89977283
19:10:18.75,+03:34:59.9581145
12:06:40,-70:09:54.09600176
12:20:00,-70:09:54.09600176
11:26:40,-70:09:54.09600176
19:38:26.25,+23:19:04.6454352
19:44:03.75,+23:19:04.6454352
19:27:11.25,+23:19:04.6454352
19:32:48.75,+23:19:04.6454352
20:00:56.25,+23:19:04.6454352
20:06:33.75,+23:19:04.6454352
20:45:56.25,+23:19:04.6454352
20:51:33.75,+23:19:04.6454352
04:57:41.53846154,-70:54:23.99992083
20:32:04.13793103,+46:34:18.65068842
05:11:32.30769231,-70:54:23.99992083
21:03:06.20689655,+46:34:18.65068842
21:09:18.62068966,+46:34:18.65068842
21:21:43.44827586,+46:34:18.65068842
21:27:55.86206897,+46:34:18.65068842
21:34:08.27586207,+46:34:18.65068842
10:30:00,-70:54:23.99992083
06:11:15,+02:59:07.82162069
07:30:00,-16:20:05.36201047
08:26:15,-37:55:17.94282345
08:31:52.5,-37:55:17.94282345
08:43:07.5,-37:55:17.94282345
18:22:30,-30:41:29.71566572
18:28:07.5,-30:41:29.71566572
18:33:45,-30:41:29.71566572
04:49:49.83050847,+45:47:02.28178239
05:09:36,-71:38:51.00084752
13:07:30,-37:55:17.94282345
13:13:07.5,-37:55:17.94282345
10:26:24,-71:38:51.00084752
17:51:33.75,-18:12:35.84471142
16:41:15,-37:55:17.94282345
16:46:52.5,-37:55:17.94282345
17:03:45,-37:55:17.94282345
17:09:22.5,-16:20:05.36201047
17:15:00,-16:20:05.36201047
17:15:00,-37:55:17.94282345
17:20:37.5,-37:55:17.94282345
17:31:52.5,-37:55:17.94282345
17:37:30,-16:20:05.36201047
17:43:07.5,-37:55:17.94282345
17:48:45,-16:20:05.36201047
17:54:22.5,-16:20:05.36201047
18:00:00,-16:20:05.36201047
18:05:37.5,-16:20:05.36201047
18:00:00,-37:55:17.94282345
18:05:37.5,-37:55:17.94282345
17:54:22.5,-37:55:17.94282345
18:28:07.5,-16:20:05.36201047
17:48:45,-37:55:17.94282345
18:39:22.5,+02:59:07.82162069
18:45:00,+02:59:07.82162069
18:39:22.5,-16:20:05.36201047
18:45:00,-16:20:05.36201047
19:01:52.5,+02:59:07.82162069
19:07:30,-16:20:05.36201047
19:07:30,+02:59:07.82162069
18:33:45,-16:20:05.36201047
19:30:00,+22:40:10.5955383
00:52:30,-72:23:15.21934674
20:03:45,+22:40:10.5955383
20:15:00,+22:40:10.5955383
20:48:45,+22:40:10.5955383
05:07:30,-72:23:15.21934674
05:22:30,-72:23:15.21934674
10:22:30,-72:23:15.21934674
20:29:29.49152542,+45:47:02.28178239
20:35:35.59322034,+45:47:02.28178239
21:24:24.40677966,+45:47:02.28178239
00:39:07.82608696,-73:07:36.77489221
00:54:46.95652174,-73:07:36.77489221
01:10:26.08695652,-73:07:36.77489221
06:08:26.25,+02:23:16.85566777
05:05:13.04347826,-73:07:36.77489221
05:20:52.17391304,-73:07:36.77489221
18:50:37.5,-06:34:46.53460192
06:53:26.25,+02:23:16.85566777
07:27:11.25,-16:57:27.94788001
07:32:48.75,-38:40:55.87483256
07:38:26.25,-38:40:55.87483256
19:07:30,-06:34:46.53460192
08:29:03.75,-38:40:55.87483256
08:40:18.75,-38:40:55.87483256
05:39:00,+44:59:37.96854165
05:45:00,+44:59:37.96854165
15:00:00,-73:07:36.77489221
00:40:54.54545455,-73:51:55.78591895
00:57:16.36363636,-73:51:55.78591895
01:13:38.18181818,-73:51:55.78591895
17:23:26.25,-40:13:41.46502102
17:34:41.25,-40:13:41.46502102
17:40:18.75,-40:13:41.46502102
17:57:11.25,-40:13:41.46502102
16:49:41.25,-38:40:55.87483256
16:55:18.75,-38:40:55.87483256
17:00:56.25,-38:40:55.87483256
17:06:33.75,-38:40:55.87483256
17:12:11.25,-16:57:27.94788001
17:17:48.75,-38:40:55.87483256
17:12:11.25,-38:40:55.87483256
17:29:03.75,-38:40:55.87483256
17:34:41.25,-16:57:27.94788001
17:40:18.75,-16:57:27.94788001
17:40:18.75,-38:40:55.87483256
17:45:56.25,-38:40:55.87483256
17:57:11.25,-38:40:55.87483256
18:02:48.75,-16:57:27.94788001
18:08:26.25,-16:57:27.94788001
18:02:48.75,-38:40:55.87483256
18:08:26.25,-38:40:55.87483256
14:51:49.09090909,-73:51:55.78591895
15:08:10.90909091,-73:51:55.78591895
18:25:18.75,-38:40:55.87483256
18:42:11.25,+02:23:16.85566777
18:36:33.75,+02:23:16.85566777
18:25:18.75,-16:57:27.94788001
18:30:56.25,-16:57:27.94788001
18:14:03.75,-38:40:55.87483256
18:42:11.25,-16:57:27.94788001
18:36:33.75,-16:57:27.94788001
20:12:11.25,+22:01:27.52621335
20:17:48.75,+22:01:27.52621335
15:58:50.76923077,-51:15:20.9050157
00:42:51.42857143,-74:36:12.36987459
16:05:46.15384615,-51:15:20.9050157
15:00:00,-74:36:12.36987459
18:33:45,-26:36:36.35211864
06:05:37.5,+01:47:26.82477358
06:11:15,+01:47:26.82477358
06:50:37.5,+01:47:26.82477358
06:56:15,+01:47:26.82477358
05:39:20.6557377,+44:12:05.50746378
05:45:14.75409836,+44:12:05.50746378
07:35:37.5,-39:27:03.22095293
08:37:30,-39:27:03.22095293
08:43:07.5,-39:27:03.22095293
16:41:15,-39:27:03.22095293
16:46:52.5,-39:27:03.22095293
16:52:30,-39:27:03.22095293
16:58:07.5,-39:27:03.22095293
19:30:00,+26:36:36.35211864
17:09:22.5,-39:27:03.22095293
17:15:00,-39:27:03.22095293
17:20:37.5,-39:27:03.22095293
17:26:15,-39:27:03.22095293
17:31:52.5,-39:27:03.22095293
17:37:30,-17:34:57.99363033
17:43:07.5,-39:27:03.22095293
17:48:45,-39:27:03.22095293
17:54:22.5,-17:34:57.99363033
18:00:00,-17:34:57.99363033
18:05:37.5,-17:34:57.99363033
18:00:00,-39:27:03.22095293
18:05:37.5,-39:27:03.22095293
18:22:30,-39:27:03.22095293
18:28:07.5,-39:27:03.22095293
18:11:15,-39:27:03.22095293
18:39:22.5,+01:47:26.82477358
18:28:07.5,-17:34:57.99363033
18:39:22.5,-17:34:57.99363033
18:56:15,-17:34:57.99363033
19:01:52.5,-17:34:57.99363033
18:22:30,-17:34:57.99363033
18:33:45,-17:34:57.99363033
18:45:00,-17:34:57.99363033
19:41:15,+21:22:54.99328742
20:42:17.70491803,+44:12:05.50746378
20:48:11.80327869,+44:12:05.50746378
21:11:48.19672131,+44:12:05.50746378
18:16:52.5,-17:34:57.99363033
02:28:30,+60:26:03.97984183
06:08:26.25,+01:11:37.49437371
06:53:26.25,+01:11:37.49437371
08:06:33.75,-40:13:41.46502102
08:12:11.25,-40:13:41.46502102
17:29:03.75,-35:41:07.20496555
17:34:41.25,-35:41:07.20496555
19:04:41.25,+08:23:07.93912949
16:44:03.75,-40:13:41.46502102
16:49:41.25,-40:13:41.46502102
16:55:18.75,-40:13:41.46502102
17:23:26.25,-18:12:35.84471142
17:29:03.75,-18:12:35.84471142
17:34:41.25,-18:12:35.84471142
17:40:18.75,-18:12:35.84471142
17:45:56.25,-40:13:41.46502102
17:51:33.75,-40:13:41.46502102
17:57:11.25,-18:12:35.84471142
18:02:48.75,-18:12:35.84471142
17:29:03.75,-40:13:41.46502102
17:45:56.25,-18:12:35.84471142
18:19:41.25,-18:12:35.84471142
18:25:18.75,-40:13:41.46502102
18:30:56.25,-18:12:35.84471142
18:36:33.75,+01:11:37.49437371
18:25:18.75,-18:12:35.84471142
18:36:33.75,-18:12:35.84471142
18:53:26.25,-18:12:35.84471142
18:59:03.75,-18:12:35.84471142
19:04:41.25,-18:12:35.84471142
18:42:11.25,-18:12:35.84471142
19:32:48.75,+20:44:32.56783615
19:38:26.25,+20:44:32.56783615
19:44:03.75,+20:44:32.56783615
20:45:29.03225806,+43:24:24.69054937
20:51:17.41935484,+43:24:24.69054937
21:08:42.58064516,+43:24:24.69054937
21:14:30.96774194,+43:24:24.69054937
08:03:45,-41:00:52.19879663
08:09:22.5,-41:00:52.19879663
18:19:41.25,-10:48:24.9223495
18:36:33.75,-10:48:24.9223495
18:42:11.25,-10:48:24.9223495
18:47:48.75,-10:48:24.9223495
18:53:26.25,-10:48:24.9223495
18:59:03.75,-10:48:24.9223495
16:46:52.5,-41:00:52.19879663
16:52:30,-41:00:52.19879663
17:20:37.5,-41:00:52.19879663
17:26:15,-41:00:52.19879663
17:31:52.5,-41:00:52.19879663
17:37:30,-18:50:21.85637019
17:26:15,-18:50:21.85637019
17:31:52.5,-18:50:21.85637019
17:48:45,-41:00:52.19879663
17:54:22.5,-41:00:52.19879663
17:54:22.5,-18:50:21.85637019
17:43:07.5,-18:50:21.85637019
18:16:52.5,-18:50:21.85637019
18:22:30,-18:50:21.85637019
18:28:07.5,-18:50:21.85637019
18:00:00,-18:50:21.85637019
18:05:37.5,-18:50:21.85637019
18:33:45,-18:50:21.85637019
18:50:37.5,+00:35:48.63058983
18:56:15,-18:50:21.85637019
19:01:52.5,-18:50:21.85637019
18:39:22.5,-18:50:21.85637019
18:56:15,+00:35:48.63058983
19:24:22.5,+20:06:19.8352365
19:30:00,+20:06:19.8352365
19:35:37.5,+20:06:19.8352365
19:41:15,+20:06:19.8352365
19:51:25.71428571,+42:36:35.3051195
19:57:08.57142857,+42:36:35.3051195
21:11:25.71428571,+42:36:35.3051195
17:45:56.25,-31:23:17.39927165
06:25:18.75,+19:28:16.39428417
07:04:41.25,+00:00:00
07:32:48.75,-19:28:16.39428417
08:06:33.75,-41:48:37.1336248
18:19:41.25,-31:23:17.39927165
18:25:18.75,-31:23:17.39927165
